difficulty,class_name,class_label,level,win_rate,avg_rounds_to_kill,avg_rounds_all,avg_combo_len,max_combo_len,finisher_rate,avg_damage_per_attack,avg_end_hp_ratio,samples
easy,warrior,Warrior,1,1.0,3.55075,3.55075,1.0,1,0.0,36.2668206757147,0.7324172413793123,4000
easy,warrior,Warrior,2,1.0,2.5885,2.5885,1.547050700335372,2,0.0,66.27816137305189,0.846369565217376,4000
easy,warrior,Warrior,3,1.0,2.669,2.669,1.8605139963695423,3,0.0,82.19174548581255,0.8549194915254483,4000
easy,warrior,Warrior,4,1.0,2.4645,2.4645,2.123569794050343,4,0.19794050343249428,111.04056584148117,0.8743367875647904,4000
easy,warrior,Warrior,5,1.0,2.503,2.503,2.2776192417448025,5,0.16561353444761517,128.00264981655116,0.8728907766990321,4000
easy,warrior,Warrior,6,1.0,2.52,2.52,2.4474672622068825,6,0.16739417318038777,147.59760430413155,0.8939878318584144,4000
easy,warrior,Warrior,7,1.0,2.615,2.615,2.4779116465863456,7,0.1578019394651778,161.09374081692624,0.890346074380184,4000
easy,warrior,Warrior,8,1.0,2.58175,2.58175,2.6858617950754566,8,0.1738482922954726,188.92920969023035,0.8959408914728354,4000
easy,warrior,Warrior,9,1.0,2.6095,2.6095,2.831548963756016,9,0.1899616933503585,208.23867989392005,0.9006843065693432,4000
easy,warrior,Warrior,10,1.0,2.6,2.6,2.963455476753349,10,0.19523246650906226,235.8677107959023,0.90335344827588,4000
easy,warrior,Warrior,11,1.0,2.511,2.511,3.2307613902762204,11,0.22026297013556212,273.99480175313425,0.9100528052805216,4000
easy,warrior,Warrior,12,1.0,2.5025,2.5025,3.474590163934426,12,0.238422131147541,303.79118852459015,0.9181982758620579,4000
easy,warrior,Warrior,13,1.0,2.4775,2.4775,3.671666494258819,13,0.2549912071997517,340.046239784835,0.9220858208955006,4000
easy,warrior,Warrior,14,1.0,2.405,2.405,4.0080059777967545,14,0.2764730999146029,388.17805294619984,0.9252654929577385,4000
easy,warrior,Warrior,15,1.0,2.3055,2.3055,4.520120053357047,15,0.30902623388172523,453.4181858603824,0.9361583557951587,4000
easy,warrior,Warrior,16,1.0,2.22425,2.22425,5.098483971762527,16,0.3276241175789839,527.4817729429465,0.94068475452193,4000
easy,warrior,Warrior,17,1.0,2.183,2.183,5.50306386990337,17,0.350930945086024,588.9310629271741,0.9424268750000129,4000
easy,warrior,Warrior,18,1.0,1.9825,1.9825,6.61986256968754,18,0.38039673278879815,731.9155970439517,0.9569573317307629,4000
easy,warrior,Warrior,19,1.0,1.8915,1.8915,7.8446773754424175,19,0.4106997005172883,875.7728015246392,0.9607025462962897,4000
easy,warrior,Warrior,20,1.0,1.834,1.834,8.369040942232193,20,0.41390914189568145,994.7683679192372,0.9636233258928569,4000
easy,assassin,Assassin,1,1.0,2.94575,2.94575,1.0,1,0.0,45.63241422111889,0.7489798387096586,4000
easy,assassin,Assassin,2,1.0,2.2475,2.2475,1.6234639462091351,2,0.0,80.39346162763738,0.8514785714285553,4000
easy,assassin,Assassin,3,1.0,2.11075,2.11075,2.0343384615384617,3,0.0,108.7264,0.8655624999999837,4000
easy,assassin,Assassin,4,1.0,1.94,1.94,2.4079914472805024,4,0.2929306427903247,147.76934384605104,0.8966280487805047,4000
easy,assassin,Assassin,5,1.0,1.9015,1.9015,2.727098976109215,5,0.2711262798634812,181.760409556314,0.9048892045454604,4000
easy,assassin,Assassin,6,1.0,1.859,1.859,2.9491076408254324,6,0.2667317345231456,223.37841606246513,0.9129574468085218,4000
easy,assassin,Assassin,7,1.0,1.83725,1.83725,3.1890667044328,7,0.2709247981872256,258.8248123495256,0.9163800000000083,4000
easy,assassin,Assassin,8,1.0,1.70275,1.70275,3.5939975624619134,8,0.29829372333942716,334.2004875076173,0.9331145833333342,4000
easy,assassin,Assassin,9,1.0,1.7495,1.7495,3.7410114873937044,9,0.3009100402804714,365.5425928688647,0.9256696428571448,4000
easy,assassin,Assassin,10,1.0,1.64,1.64,4.28169459374012,10,0.32927600379386657,455.9351881125514,0.941252083333323,4000
easy,assassin,Assassin,11,1.0,1.63175,1.63175,4.608043408873284,11,0.3397701883179062,512.7390679859559,0.9421260080645253,4000
easy,assassin,Assassin,12,1.0,1.5545,1.5545,5.337018425460636,12,0.39045226130653266,632.0278056951424,0.9527500000000043,4000
easy,assassin,Assassin,13,1.0,1.44375,1.44375,6.594643178141291,13,0.43789322308107137,812.8673377673917,0.9626186594202933,4000
easy,assassin,Assassin,14,1.0,1.42675,1.42675,7.142519970951343,14,0.4493464052287582,908.0270515613653,0.9636631944444395,4000
easy,assassin,Assassin,15,1.0,1.42925,1.42925,7.636380156278394,15,0.45575140832273303,1013.1143012902054,0.963988333333332,4000
easy,assassin,Assassin,16,1.0,1.42425,1.42425,8.015855658829961,16,0.4488791689447786,1129.438673227629,0.9670427215190067,4000
easy,assassin,Assassin,17,1.0,1.451,1.451,8.017161244190204,17,0.43439399356453345,1194.390954594208,0.9643804012345709,4000
easy,assassin,Assassin,18,1.0,1.48875,1.48875,8.069061737007324,18,0.4248343215905127,1232.807638646669,0.9628970588235204,4000
easy,assassin,Assassin,19,1.0,1.5025,1.5025,8.281168943454954,19,0.4252118277710531,1330.6507003285492,0.9618075284091026,4000
easy,assassin,Assassin,20,1.0,1.52275,1.52275,8.216082964977899,20,0.3978238694321659,1397.2142128527712,0.9601785714285634,4000
easy,mage,Mage,1,1.0,3.12225,3.12225,1.0,1,0.0,41.914754910051165,0.694920258620699,4000
easy,mage,Mage,2,1.0,2.3595,2.3595,1.6093971437915622,2,0.0,74.39790690068679,0.819146484375,4000
easy,mage,Mage,3,1.0,2.19825,2.19825,2.0820500764076644,3,0.0,102.63206770894557,0.8439732142856909,4000
easy,mage,Mage,4,1.0,1.8965,1.8965,2.5341016949152544,4,0.3445423728813559,146.08162711864406,0.8830082236842139,4000
easy,mage,Mage,5,1.0,1.9085,1.9085,2.876588267099216,5,0.3131927547985942,175.7360097323601,0.8868125000000191,4000
easy,mage,Mage,6,1.0,1.84575,1.84575,3.239938297573973,6,0.3191698219043612,214.61057355209647,0.8980071022727276,4000
easy,mage,Mage,7,1.0,1.78825,1.78825,3.643766271333526,7,0.33786520104136536,262.54150997975125,0.9146341145833455,4000
easy,mage,Mage,8,1.0,1.68775,1.68775,4.311275643991979,8,0.3934906679006633,336.87953108128954,0.9250350000000018,4000
easy,mage,Mage,9,1.0,1.58425,1.58425,5.03512766303464,9,0.4431614896731176,432.7456496991381,0.9374120370370439,4000
easy,mage,Mage,10,1.0,1.50725,1.50725,5.893620689655172,10,0.476551724137931,526.2696551724138,0.9450457589285794,4000
easy,mage,Mage,11,1.0,1.34075,1.34075,7.008072266000385,11,0.537766673073227,700.7928118393235,0.9647062500000012,4000
easy,mage,Mage,12,1.0,1.361,1.361,7.191243366186505,12,0.5136467020470054,792.1283169067475,0.9629523809523798,4000
easy,mage,Mage,13,1.0,1.3875,1.3875,7.422044013427826,13,0.49291309212980233,850.3220813129429,0.960572115384621,4000
easy,mage,Mage,14,1.0,1.40625,1.40625,7.596729744626125,14,0.4809847510564027,926.5948925225059,0.9603903985507348,4000
easy,mage,Mage,15,1.0,1.44375,1.44375,7.676680972818312,15,0.44849785407725323,978.4012875536481,0.9568967013888924,4000
easy,mage,Mage,16,1.0,1.46125,1.46125,7.917005839674394,16,0.44983188816138736,1089.7007609272696,0.959065833333338,4000
easy,mage,Mage,17,1.0,1.461,1.461,8.064762242725337,17,0.44002838892831797,1165.97232079489,0.958745993589743,4000
easy,mage,Mage,18,1.0,1.48575,1.48575,8.204707933740192,18,0.428770706190061,1249.9129904097647,0.9580131172839298,4000
easy,mage,Mage,19,1.0,1.48375,1.48375,8.274148714384989,19,0.43363446838082004,1329.4386726893676,0.9578132440476106,4000
easy,mage,Mage,20,1.0,1.50125,1.50125,8.327781593406593,20,0.41225961538461536,1441.2259615384614,0.9585866477272678,4000
easy,priest,Priest,1,1.0,4.38575,4.38575,1.0,1,0.0,34.49938528189216,0.543703488372101,4000
easy,priest,Priest,2,1.0,3.05375,3.05375,1.6958393113342898,2,0.0,58.59338340788252,0.7725775862068885,4000
easy,priest,Priest,3,1.0,2.761,2.761,2.264692229133785,3,0.0,78.42233775879677,0.8106783439490324,4000
easy,priest,Priest,4,1.0,2.35525,2.35525,2.822680412371134,4,0.4595767769940315,114.90873575691806,0.8540029585798751,4000
easy,priest,Priest,5,1.0,2.12975,2.12975,3.3986856516976998,5,0.455397346963612,153.35365705245223,0.882358516483504,4000
easy,priest,Priest,6,1.0,1.92325,1.92325,4.172661870503597,6,0.5193430161531153,198.5226007872947,0.9079378172588585,4000
easy,priest,Priest,7,1.0,1.73375,1.73375,5.009277270686817,7,0.5714499476283106,248.51728265748915,0.9300166666666628,4000
easy,priest,Priest,8,1.0,1.55725,1.55725,5.8962696335078535,8,0.6178010471204188,331.11027486910996,0.9493783185840837,4000
easy,priest,Priest,9,1.0,1.60125,1.60125,6.306441326530612,9,0.5919961734693877,364.4486607142857,0.944292016806706,4000
easy,priest,Priest,10,1.0,1.6415,1.6415,6.574626865671642,10,0.5502176616915423,412.67459577114425,0.9423279999999887,4000
easy,priest,Priest,11,1.0,1.67125,1.67125,6.893923159344864,11,0.5294657890708709,451.23358334608906,0.943114068441069,4000
easy,priest,Priest,12,1.0,1.694,1.694,7.133161642175428,12,0.503711558854719,510.03317679139525,0.9458064516129134,4000
easy,priest,Priest,13,1.0,1.765,1.765,7.318055352174549,13,0.48147605798799237,540.4892370771709,0.9430136054421641,4000
easy,priest,Priest,14,1.0,1.773,1.773,7.5602785434498765,14,0.47889162918903233,589.0632525750761,0.9407231270358373,4000
easy,priest,Priest,15,1.0,1.80875,1.80875,7.696590909090909,15,0.45738636363636365,638.2882102272728,0.9421277089783276,4000
easy,priest,Priest,16,1.0,1.8325,1.8325,7.876583169152829,16,0.45370109766394595,700.845341964537,0.9406027190332455,4000
easy,priest,Priest,17,1.0,1.85725,1.85725,8.091806927249966,17,0.4387258311308944,760.0210043121435,0.9404956772334112,4000
easy,priest,Priest,18,1.0,1.86875,1.86875,8.16540002763576,18,0.42476164156418406,807.7913500069089,0.9407118055555616,4000
easy,priest,Priest,19,1.0,1.902,1.902,8.277724989819465,19,0.4203882177277046,856.8800054296186,0.938580666666669,4000
easy,priest,Priest,20,1.0,1.91175,1.91175,8.338052858683927,20,0.41302588996763756,930.6666666666666,0.9403028350515437,4000
normal,warrior,Warrior,1,1.0,4.822,4.822,1.0,1,0.0,51.01159253042383,0.43872586206897457,4000
normal,warrior,Warrior,2,1.0,3.55575,3.55575,1.5470752488007447,2,0.0,80.02011885157872,0.6462173913043461,4000
normal,warrior,Warrior,3,1.0,3.5545,3.5545,1.8475157053112508,3,0.0,95.87135922330097,0.6874223163841761,4000
normal,warrior,Warrior,4,1.0,3.24625,3.24625,2.1255394272263635,4,0.20031384856806592,123.63695566888975,0.7391126943005223,4000
normal,warrior,Warrior,5,1.0,3.299,3.299,2.2635473676096507,5,0.16295382717952672,141.73398597086256,0.7311007281553403,4000
normal,warrior,Warrior,6,1.0,3.27375,3.27375,2.4653873047937225,6,0.1733354051744231,163.96076450936212,0.7748318584070781,4000
normal,warrior,Warrior,7,1.0,3.39475,3.39475,2.4906888041283373,7,0.15346645725824545,179.99685887368184,0.7661694214875986,4000
normal,warrior,Warrior,8,1.0,3.324,3.324,2.683932265726764,8,0.1696421730135622,208.96973411999082,0.7820949612403102,4000
normal,warrior,Warrior,9,1.0,3.37375,3.37375,2.847930775018811,9,0.19541008276899924,231.25530474040633,0.7965009124087575,4000
normal,warrior,Warrior,10,1.0,3.36725,3.36725,2.9757942511346447,10,0.1985627836611195,260.45605143721633,0.8023525862069107,4000
normal,warrior,Warrior,11,1.0,3.231,3.231,3.272885101010101,11,0.22758838383838384,303.05334595959596,0.8123448844884398,4000
normal,warrior,Warrior,12,1.0,3.27025,3.27025,3.463418443038963,12,0.2441633481689701,332.1942687592723,0.8238573667711573,4000
normal,warrior,Warrior,13,1.0,3.2245,3.2245,3.6409403942056517,13,0.25876672207709966,372.79323992717485,0.8295164179104464,4000
normal,warrior,Warrior,14,1.0,3.13425,3.13425,3.9946262823644356,14,0.2789447972642892,423.9689789936492,0.8429640845070528,4000
normal,warrior,Warrior,15,1.0,2.999,2.999,4.556161117261347,15,0.3133781827471685,495.75738737971557,0.8593739892183277,4000
normal,warrior,Warrior,16,1.0,2.87325,2.87325,5.1006075768406,16,0.32835954253037886,569.7502680486061,0.8714612403100509,4000
normal,warrior,Warrior,17,1.0,2.805,2.805,5.5083219645293315,17,0.35097771714415643,635.0799454297407,0.8754149999999995,4000
normal,warrior,Warrior,18,1.0,2.5615,2.5615,6.547283098168718,18,0.3728610027018913,777.0149104373061,0.8965138221153895,4000
normal,warrior,Warrior,19,1.0,2.375,2.375,7.849649973074852,19,0.41421647819063007,928.9965535810447,0.9120798611111203,4000
normal,warrior,Warrior,20,1.0,2.33675,2.33675,8.27513691128149,20,0.4123767798466594,1038.7122672508215,0.9151707589285644,4000
normal,assassin,Assassin,1,1.0,4.056,4.056,1.0,1,0.0,51.51231338522394,0.4628205645161341,4000
normal,assassin,Assassin,2,1.0,3.04275,3.04275,1.6263135412217,2,0.0,87.06074327210594,0.6644767857142877,4000
normal,assassin,Assassin,3,1.0,2.81675,2.81675,2.033241252302026,3,0.0,115.03830570902394,0.7128124999999934,4000
normal,assassin,Assassin,4,1.0,2.56675,2.56675,2.4273331989518243,4,0.3065914130215682,159.3131425115904,0.7730198170731661,4000
normal,assassin,Assassin,5,1.0,2.521,2.521,2.7093692212862135,5,0.2686459831518389,190.4447298130265,0.7832244318181845,4000
normal,assassin,Assassin,6,1.0,2.42925,2.42925,2.9337542808219177,6,0.2577054794520548,233.13152825342465,0.8061063829787257,4000
normal,assassin,Assassin,7,1.0,2.409,2.409,3.1842728055077454,7,0.2666738382099828,270.08724182444064,0.8100249999999987,4000
normal,assassin,Assassin,8,1.0,2.2145,2.2145,3.559610420089181,8,0.29934287725885944,341.34757099272474,0.8412025462963065,4000
normal,assassin,Assassin,9,1.0,2.25975,2.25975,3.7461964038727524,9,0.2955278930382665,380.6572153065929,0.8350334821428562,4000
normal,assassin,Assassin,10,1.0,2.1315,2.1315,4.244251467710372,10,0.32999021526418787,468.1017612524462,0.8620479166666624,4000
normal,assassin,Assassin,11,1.0,2.0865,2.0865,4.5807697098019675,11,0.35371777307261176,529.6280981442271,0.8636572580644986,4000
normal,assassin,Assassin,12,1.0,1.97425,1.97425,5.245706737120211,12,0.3727873183619551,640.4129458388376,0.8873560606060764,4000
normal,assassin,Assassin,13,1.0,1.778,1.778,6.546171829339568,13,0.44593804792518993,826.5549386323787,0.9089239130434809,4000
normal,assassin,Assassin,14,1.0,1.72925,1.72925,7.220463032113518,14,0.4549663928304705,942.1457804331591,0.914442708333331,4000
normal,assassin,Assassin,15,1.0,1.7095,1.7095,7.768078668683812,15,0.4653555219364599,1062.6924357034795,0.917131666666658,4000
normal,assassin,Assassin,16,1.0,1.73975,1.73975,7.898557191729883,16,0.4371560315335416,1149.8701472556895,0.9200332278481094,4000
normal,assassin,Assassin,17,1.0,1.76775,1.76775,8.060961313012896,17,0.4388921453692849,1237.2778429073858,0.9155979938271714,4000
normal,assassin,Assassin,18,1.0,1.801,1.801,8.146330935251799,18,0.4256115107913669,1289.636690647482,0.9139625000000045,4000
normal,assassin,Assassin,19,1.0,1.8395,1.8395,8.179780033840947,19,0.4208967851099831,1354.107021996616,0.9124403409090813,4000
normal,assassin,Assassin,20,1.0,1.88,1.88,8.181190443308935,20,0.406435575196796,1446.3679049854993,0.9098509615384557,4000
normal,mage,Mage,1,0.991,4.403380423814329,4.40875,1.0,1,0.0,51.35458004097161,0.32826293103448273,4000
normal,mage,Mage,2,0.9995,3.234617308654327,3.2355,1.6178719337368588,2,0.0,84.05359987257089,0.57659375,4000
normal,mage,Mage,3,1.0,2.936,2.936,2.0904311251314405,3,0.0,110.96275849982474,0.661023214285719,4000
normal,mage,Mage,4,1.0,2.612,2.612,2.543147709320695,4,0.3451816745655608,153.87193917851502,0.7216513157894898,4000
normal,mage,Mage,5,1.0,2.571,2.571,2.8788061501356648,5,0.31574716108933776,184.30549693498142,0.7406996951219537,4000
normal,mage,Mage,6,1.0,2.45775,2.45775,3.2514019680457094,6,0.31943709660353403,224.99841286636334,0.77197017045454,4000
normal,mage,Mage,7,1.0,2.3945,2.3945,3.602708559046587,7,0.3280606717226435,273.1145178764897,0.7942734375000008,4000
normal,mage,Mage,8,1.0,2.1725,2.1725,4.2407935376574,8,0.37942504157757184,347.84129246851984,0.8231437499999884,4000
normal,mage,Mage,9,1.0,1.992,1.992,4.965928229045213,9,0.42311180204689725,438.1961393962949,0.8613807870370318,4000
normal,mage,Mage,10,1.0,1.8695,1.8695,5.77292817679558,10,0.474585635359116,535.7041436464089,0.8760703124999989,4000
normal,mage,Mage,11,1.0,1.66625,1.66625,6.835956790123457,11,0.5223765432098766,696.7123456790124,0.9061083333333249,4000
normal,mage,Mage,12,1.0,1.64625,1.64625,7.190297339593115,12,0.5028169014084507,804.9575899843505,0.910864087301592,4000
normal,mage,Mage,13,1.0,1.67625,1.67625,7.48462597521799,13,0.5043597980725103,874.6376013461833,0.9063990384615327,4000
normal,mage,Mage,14,1.0,1.70925,1.70925,7.646952595936795,14,0.4762979683972912,956.0978179082017,0.9070489130434829,4000
normal,mage,Mage,15,1.0,1.7555,1.7555,7.6683306416091614,15,0.44809866392600206,1009.8446630450742,0.9010824652777855,4000
normal,mage,Mage,16,1.0,1.7545,1.7545,7.979240282685512,16,0.45067726737338043,1134.8648409893992,0.9068641666666534,4000
normal,mage,Mage,17,1.0,1.78425,1.78425,7.976432935699738,17,0.4402094850160023,1202.3412860052372,0.9033709935897426,4000
normal,mage,Mage,18,1.0,1.8185,1.8185,8.059250818971657,18,0.4288562882780231,1271.3725964962257,0.9003657407407313,4000
normal,mage,Mage,19,1.0,1.83475,1.83475,8.243705799151344,19,0.42503536067892506,1369.723620933522,0.9009367559523849,4000
normal,mage,Mage,20,1.0,1.8545,1.8545,8.376770935615093,20,0.4173095805863375,1485.0533034086127,0.9034005681818341,4000
normal,priest,Priest,1,1.0,4.99275,4.99275,1.0,1,0.0,42.99608669476219,0.30246511627906136,4000
normal,priest,Priest,2,1.0,3.92375,3.92375,1.6952917557153033,2,0.0,72.95686807849232,0.5369413793103428,4000
normal,priest,Priest,3,1.0,3.617,3.617,2.280639932341955,3,0.0,91.457608006202,0.6103519108280262,4000
normal,priest,Priest,4,1.0,3.061,3.061,2.8401170079398246,4,0.4600919348098621,125.78796489761805,0.7102958579881831,4000
normal,priest,Priest,5,1.0,2.82,2.82,3.3663222765996013,5,0.45296356715606306,160.873572593801,0.7422829670329698,4000
normal,priest,Priest,6,1.0,2.60325,2.60325,4.113672182821119,6,0.5135933806146572,207.9697596532703,0.7894327411167539,4000
normal,priest,Priest,7,1.0,2.40575,2.40575,5.012215848735925,7,0.5785001062247717,264.0310176333121,0.8191023809523663,4000
normal,priest,Priest,8,1.0,2.19575,2.19575,5.824499824499824,8,0.6088686088686088,340.5727155727156,0.8502721238938096,4000
normal,priest,Priest,9,1.0,2.25875,2.25875,6.192858767341369,9,0.5741414600864225,376.4421196270184,0.8448823529411587,4000
normal,priest,Priest,10,1.0,2.22125,2.22125,6.625043803294008,10,0.5550753416656933,431.4305571778998,0.8522690000000132,4000
normal,priest,Priest,11,1.0,2.2445,2.2445,6.905338406549061,11,0.5255390291709904,480.20661824051655,0.8527129277566483,4000
normal,priest,Priest,12,1.0,2.23675,2.23675,7.07695879280325,12,0.5013348810214742,533.80824143935,0.8662069892472948,4000
normal,priest,Priest,13,1.0,2.267,2.267,7.364613098639844,13,0.48759858269516515,578.9876557320837,0.8669702380952418,4000
normal,priest,Priest,14,1.0,2.305,2.305,7.6021770845023005,14,0.4739086522275839,628.6679385029738,0.8615187296416891,4000
normal,priest,Priest,15,1.0,2.31525,2.31525,7.6988814317673375,15,0.4483221476510067,677.6002237136465,0.8693986068111348,4000
normal,priest,Priest,16,1.0,2.285,2.285,7.994261926192619,16,0.4527452745274527,752.3844509450945,0.8712635951661573,4000
normal,priest,Priest,17,1.0,2.352,2.352,7.980323567993004,17,0.43572365544381286,791.1636423261915,0.8693674351585092,4000
normal,priest,Priest,18,1.0,2.39975,2.39975,8.024173708418013,18,0.4238956038078939,842.2985346026313,0.8644847222222302,4000
normal,priest,Priest,19,1.0,2.39475,2.39475,8.248793565683647,19,0.42552278820375333,900.3430563002681,0.8694026666666749,4000
normal,priest,Priest,20,1.0,2.41875,2.41875,8.307790413433946,20,0.42119247528961634,976.9210330534595,0.869826030927848,4000
hard,warrior,Warrior,1,0.92775,5.094583670169766,5.15875,1.0,1,0.0,51.71879009177933,0.22029310344827896,4000
hard,warrior,Warrior,2,1.0,4.15525,4.15525,1.5500151103052282,2,0.0,90.72215170746449,0.43882763975156064,4000
hard,warrior,Warrior,3,0.99775,4.171636181408168,4.1765,1.855392600639749,3,0.0,107.05576679340938,0.4623516949152543,4000
hard,warrior,Warrior,4,0.9995,3.9527263631815908,3.95375,2.1113954827564143,4,0.19483012348838696,137.4300339113187,0.5403497409326405,4000
hard,warrior,Warrior,5,0.99875,3.997246558197747,4.0005,2.2806319115323856,5,0.16865718799368087,157.50597156398103,0.5404029126213605,4000
hard,warrior,Warrior,6,0.99975,4.026756689172293,4.0275,2.4570746718583183,6,0.16937762984362242,178.82490736670226,0.5830774336283179,4000
hard,warrior,Warrior,7,0.9985,4.147721582373561,4.1525,2.502312279420713,7,0.15887793598636973,195.80735061457952,0.5801435950413214,4000
hard,warrior,Warrior,8,0.9995,4.078039019509755,4.0795,2.69988203886509,8,0.17874216179300925,227.61724715962004,0.6127248062015531,4000
hard,warrior,Warrior,9,0.9995,4.146823411705853,4.14825,2.8580858085808583,9,0.1872020535386872,248.72662266226624,0.6204279197080306,4000
hard,warrior,Warrior,10,0.999,4.165415415415415,4.169,2.9694113354414986,10,0.19837022622233033,278.4835806373145,0.6345577586206876,4000
hard,warrior,Warrior,11,0.99925,4.057292969727295,4.06025,3.2113363363363363,11,0.22122122122122123,320.8191941941942,0.6535511551155092,4000
hard,warrior,Warrior,12,0.9995,4.0142571285642825,4.01625,3.488401412002017,12,0.24703731719616742,356.83081190115985,0.6728534482758622,4000
hard,warrior,Warrior,13,1.0,3.981,3.981,3.6467176545570426,13,0.25035054174633525,394.88413001912045,0.687947014925371,4000
hard,warrior,Warrior,14,1.0,3.8565,3.8565,3.9944159768755747,14,0.27571935356720534,450.81014321376955,0.7117661971830966,4000
hard,warrior,Warrior,15,1.0,3.672,3.672,4.566687409251193,15,0.3143192975178041,526.8167046947383,0.7462378706199386,4000
hard,warrior,Warrior,16,1.0,3.528,3.528,5.099718391219582,16,0.33172070185572966,599.4811899776157,0.7638062015503795,4000
hard,warrior,Warrior,17,1.0,3.48625,3.48625,5.446166215919889,17,0.3415685987866384,659.5785395804401,0.7643743750000038,4000
hard,warrior,Warrior,18,1.0,3.1415,3.1415,6.646049222797927,18,0.38366256476683935,829.2470854922279,0.8085060096153823,4000
hard,warrior,Warrior,19,1.0,2.8965,2.8965,7.974624637808412,19,0.4110984283080165,983.8603038019141,0.8300046296296272,4000
hard,warrior,Warrior,20,1.0,2.8455,2.8455,8.402981054143845,20,0.4159109275388345,1101.7935709796175,0.8396930803571377,4000
hard,assassin,Assassin,1,0.6255,4.904076738609112,4.94,1.0,1,0.0,59.212634482758624,0.11737298387096735,4000
hard,assassin,Assassin,2,0.99625,3.858469259723965,3.86275,1.6214943976662468,2,0.0,103.86348869588278,0.3903767857142849,4000
hard,assassin,Assassin,3,0.99725,3.605414890950113,3.60925,2.037318197942533,3,0.0,132.10890386661936,0.431226351351351,4000
hard,assassin,Assassin,4,0.99975,3.274818704676169,3.27525,2.427854454203262,4,0.30246235884567124,172.3000313676286,0.569913109756088,4000
hard,assassin,Assassin,5,0.99975,3.205551387846962,3.20625,2.742838802856455,5,0.27938698547701196,206.08633555323757,0.5908451704545394,4000
hard,assassin,Assassin,6,0.99975,3.1707926981745436,3.1715,2.9391517128874387,6,0.26492659053833606,244.1567699836868,0.6047207446808527,4000
hard,assassin,Assassin,7,0.99975,3.121780445111278,3.1225,3.176062732150227,7,0.2692529921584812,285.3078002476269,0.6207487499999977,4000
hard,assassin,Assassin,8,1.0,2.87,2.87,3.5767462821090583,8,0.29355565570076614,358.01910770617394,0.6830138888888918,4000
hard,assassin,Assassin,9,0.99975,2.9294823705926483,2.93025,3.7470209197634388,9,0.3044399329155265,398.0269220584341,0.6690825892857164,4000
hard,assassin,Assassin,10,1.0,2.68925,2.68925,4.262508435361034,10,0.3251711173238215,495.3515858478743,0.7237520833333366,4000
hard,assassin,Assassin,11,1.0,2.67725,2.67725,4.568945538818077,11,0.34492081884897646,555.9693897257629,0.7224294354838616,4000
hard,assassin,Assassin,12,1.0,2.51475,2.51475,5.233051720585205,12,0.3674016072532454,672.5141149804244,0.7632689393939326,4000
hard,assassin,Assassin,13,1.0,2.218,2.218,6.534073641145529,13,0.43682057276446523,859.756633547633,0.8100697463768053,4000
hard,assassin,Assassin,14,1.0,2.157,2.157,7.215136565996872,14,0.45132956322945494,985.7496089519914,0.8201501736111101,4000
hard,assassin,Assassin,15,1.0,2.11475,2.11475,7.744508528653823,15,0.4664375997054853,1109.0725242361025,0.830636666666668,4000
hard,assassin,Assassin,16,1.0,2.14875,2.14875,7.878598097073347,16,0.4511622305190895,1195.0735878598098,0.8331613924050544,4000
hard,assassin,Assassin,17,1.0,2.1795,2.1795,7.9953681710213775,17,0.4359857482185273,1280.7760095011877,0.8242638888888888,4000
hard,assassin,Assassin,18,1.0,2.226,2.226,8.181828771112405,18,0.42748980780430984,1353.5716948165405,0.8273727941176473,4000
hard,assassin,Assassin,19,1.0,2.251,2.251,8.267853042479908,19,0.41917336394948335,1437.2882893226176,0.8231789772727296,4000
hard,assassin,Assassin,20,1.0,2.3045,2.3045,8.293926125519254,20,0.4192208375435051,1543.1946783428764,0.8195803571428587,4000
hard,mage,Mage,1,0.39225,4.982154238368388,4.993,1.0,1,0.0,51.43078064368866,0.05720474137931051,4000
hard,mage,Mage,2,0.98775,3.975955454315363,3.9875,1.627143494613374,2,0.0,100.60687193217314,0.264109375,4000
hard,mage,Mage,3,0.9925,3.7163727959697734,3.725,2.082385974524038,3,0.0,127.60532803725518,0.3415375000000042,4000
hard,mage,Mage,4,0.9975,3.3090225563909774,3.31325,2.547261757425743,4,0.34754022277227725,168.80143873762376,0.4872006578947339,4000
hard,mage,Mage,5,0.998,3.2780561122244487,3.2815,2.873335422215259,5,0.3108256305812314,200.18510104966316,0.5116341463414552,4000
hard,mage,Mage,6,0.99825,3.1527673428499874,3.15625,3.2399510803098246,6,0.31830411740725645,243.6665307786384,0.5418167613636286,4000
hard,mage,Mage,7,1.0,3.03775,3.03775,3.6394649961906373,7,0.3300601032760518,294.6851773469906,0.6020247395833328,4000
hard,mage,Mage,8,1.0,2.8025,2.8025,4.272518593333945,8,0.3879349921953907,372.8892663667248,0.6510400000000042,4000
hard,mage,Mage,9,0.9995,2.625312656328164,2.627,4.9595860029571215,9,0.42779694430754067,457.97358304583537,0.6919236111111029,4000
hard,mage,Mage,10,1.0,2.45575,2.45575,5.866928215459654,10,0.47969462411197117,560.6904888134875,0.7212488839285722,4000
hard,mage,Mage,11,1.0,2.1635,2.1635,6.893674293405114,11,0.5267343692646519,727.5127860026918,0.7832593749999968,4000
hard,mage,Mage,12,1.0,2.076,2.076,7.1614681197544785,12,0.507453338343981,838.54302893649,0.8011140873015905,4000
hard,mage,Mage,13,1.0,2.135,2.135,7.350620891161432,13,0.4808862916971025,900.8737521305089,0.7894817307692232,4000
hard,mage,Mage,14,1.0,2.1175,2.1175,7.611620795107034,14,0.47155963302752296,996.2321712538227,0.8054547101449212,4000
hard,mage,Mage,15,1.0,2.181,2.181,7.667300380228137,15,0.4461739543726236,1062.2946768060835,0.7998385416666672,4000
hard,mage,Mage,16,1.0,2.19625,2.19625,7.850417794515711,16,0.44368600682593856,1166.72543250559,0.8041850000000044,4000
hard,mage,Mage,17,1.0,2.207,2.207,8.01844932274638,17,0.4440681924334423,1260.186945352639,0.8029615384615447,4000
hard,mage,Mage,18,1.0,2.249,2.249,8.188809578632283,18,0.42735436334331106,1350.4110062169007,0.801387345679014,4000
hard,mage,Mage,19,1.0,2.27975,2.27975,8.196715741789355,19,0.41041902604756514,1427.1330690826728,0.7972075892857176,4000
hard,mage,Mage,20,1.0,2.302,2.302,8.260961968680089,20,0.4109619686800895,1542.7996644295301,0.8056562500000088,4000
hard,priest,Priest,1,0.20525,5.727161997563947,5.897,1.0,1,0.0,40.313912829352375,0.025823643410852574,4000
hard,priest,Priest,2,0.96675,4.4603051461080945,4.50875,1.6950454776566295,2,0.0,73.95830744025761,0.3048689655172475,4000
hard,priest,Priest,3,0.97225,4.248135767549498,4.29275,2.2874046027332424,3,0.0,97.59592971661836,0.33647611464968313,4000
hard,priest,Priest,4,0.9915,3.9014120020171457,3.92025,2.817615773770917,4,0.45654429887144893,135.33110649889738,0.4588653846153819,4000
hard,priest,Priest,5,0.99375,3.626918238993711,3.642,3.3832867132867133,5,0.4593006993006993,177.00223776223777,0.5154574175824184,4000
hard,priest,Priest,6,0.99925,3.362521891418564,3.36475,4.126059963658389,6,0.5101453664445791,228.24235311932162,0.5802271573604063,4000
hard,priest,Priest,7,1.0,3.0735,3.0735,5.009565000415869,7,0.5729851118689179,290.8929551692589,0.6477654761904789,4000
hard,priest,Priest,8,1.0,2.76875,2.76875,5.841576862853459,8,0.6086395873629916,368.3701759233674,0.717099557522122,4000
hard,priest,Priest,9,1.0,2.82025,2.82025,6.2044118976584395,9,0.5750836271584847,403.7674712955429,0.7030147058823537,4000
hard,priest,Priest,10,1.0,2.77475,2.77475,6.602116889093419,10,0.5590427979751496,459.5930050621261,0.7130329999999924,4000
hard,priest,Priest,11,1.0,2.79175,2.79175,6.965226939970718,11,0.5333089311859444,513.7024158125915,0.7202946768060837,4000
hard,priest,Priest,12,1.0,2.801,2.801,7.104519774011299,12,0.5056497175141242,569.763440860215,0.732722222222224,4000
hard,priest,Priest,13,1.0,2.83475,2.83475,7.348870822041554,13,0.4848238482384824,614.389701897019,0.738882653061222,4000
hard,priest,Priest,14,1.0,2.88875,2.88875,7.499867362277832,14,0.4718365903262888,655.5643292952516,0.7335236156351741,4000
hard,priest,Priest,15,1.0,2.8865,2.8865,7.803576170664778,15,0.45879437018677527,718.7178011861556,0.7500239938080512,4000
hard,priest,Priest,16,1.0,2.895,2.895,7.91077411391289,16,0.4587374360782931,779.2521601128549,0.7427175226586127,4000
hard,priest,Priest,17,1.0,2.91375,2.91375,8.061127700685052,17,0.436149657474091,836.1146144387844,0.7510338616714723,4000
hard,priest,Priest,18,0.99975,2.954488622155539,2.9555,8.088255672960333,18,0.42932617356660313,881.6462844275073,0.7506611111111086,4000
hard,priest,Priest,19,1.0,2.9725,2.9725,8.316378345812893,19,0.41604268869954386,940.4149238316551,0.7514919999999986,4000
hard,priest,Priest,20,0.99975,2.975993998499625,2.977,8.33370660694289,20,0.4149366870531484,1016.3799638211732,0.7581417525773202,4000
elite,warrior,Warrior,1,0.01125,6.8,5.62725,1.0,1,0.0,44.15715980159586,0.001446551724137931,4000
elite,warrior,Warrior,2,0.40575,5.064695009242144,5.3265,1.5472940676615858,2,0.0,85.63720856126189,0.07658385093167698,4000
elite,warrior,Warrior,3,0.483,5.034679089026915,5.47925,1.8348279880427623,3,0.0,100.45559102193849,0.1077556497175141,4000
elite,warrior,Warrior,4,0.74075,4.661154235572055,5.019,2.118435694981718,4,0.19781675586879338,138.04234009856393,0.2208147668393773,4000
elite,warrior,Warrior,5,0.71525,4.76301992310381,5.1515,2.2530314022178466,5,0.15898020520261166,156.64426365426468,0.2096699029126213,4000
elite,warrior,Warrior,6,0.774,4.830103359173127,5.17775,2.464471403812825,6,0.1655112651646447,180.9681415027016,0.2564568584070805,4000
elite,warrior,Warrior,7,0.7405,5.1036461850101285,5.46275,2.4929358644462787,7,0.1606544642423654,194.4729815021605,0.23327272727272708,4000
elite,warrior,Warrior,8,0.7925,5.032492113564669,5.357,2.6962112288967415,8,0.17662936788378483,227.42702198665097,0.27792926356589076,4000
elite,warrior,Warrior,9,0.799,5.236545682102628,5.57125,2.8361890416117492,9,0.18725287139898325,245.90081905479195,0.28292974452554703,4000
elite,warrior,Warrior,10,0.83975,5.336707353378982,5.60275,2.9467155997398495,10,0.19460187680014865,274.94727306513056,0.3026077586206901,4000
elite,warrior,Warrior,11,0.8775,5.151566951566951,5.37875,3.2300313328512895,11,0.21788382742829598,321.39802362014944,0.3454405940594059,4000
elite,warrior,Warrior,12,0.91,5.232692307692307,5.412,3.474854748071245,12,0.24283265072864083,353.79121821125824,0.37442711598746187,4000
elite,warrior,Warrior,13,0.922,5.203362255965293,5.3605,3.6651307895368372,13,0.26004319654427643,395.7177825773938,0.3955440298507473,4000
elite,warrior,Warrior,14,0.95025,5.129702709813207,5.23475,3.9833006856023507,14,0.27835455435847206,448.81390793339864,0.42796478873239435,4000
elite,warrior,Warrior,15,0.98,4.865051020408163,4.913,4.581425598335068,15,0.31170655567117583,528.3323621227887,0.4937230458221029,4000
elite,warrior,Warrior,16,0.98725,4.713091922005571,4.74475,5.101075268817205,16,0.3339247311827957,602.4966666666667,0.5281899224806259,4000
elite,warrior,Warrior,17,0.9855,4.640284119736174,4.677,5.486218965328667,17,0.34080717488789236,667.9093295417259,0.5347043750000019,4000
elite,warrior,Warrior,18,0.9965,4.13296537882589,4.144,6.6543232734678766,18,0.3782632845769302,835.3319755600814,0.6242043269230777,4000
elite,warrior,Warrior,19,0.99875,3.821276595744681,3.8255,7.930054061269439,19,0.41767336314489756,987.4350931055196,0.6696302083333351,4000
elite,warrior,Warrior,20,0.9995,3.691845922961481,3.694,8.387340020754065,20,0.4135593220338983,1109.213420961605,0.6911378348214244,4000
elite,assassin,Assassin,1,0.13875,5.297297297297297,5.06225,1.0,1,0.0,53.72744102717229,0.019352822580645135,4000
elite,assassin,Assassin,2,0.693,4.292207792207792,4.46025,1.6207084799223583,2,0.0,111.15091592866675,0.10555357142857125,4000
elite,assassin,Assassin,3,0.73025,4.146525162615543,4.2885,2.0203351534550933,3,0.0,141.90284315571455,0.14549155405405367,4000
elite,assassin,Assassin,4,0.89075,3.9489194499017684,4.06225,2.4122711211050434,4,0.2972052682300032,187.21182139415356,0.27012500000000056,4000
elite,assassin,Assassin,5,0.9,3.8986111111111112,4.014,2.7059895833333334,5,0.26751302083333334,223.367578125,0.29813210227272763,4000
elite,assassin,Assassin,6,0.90425,3.8476638097871163,3.96275,2.8987566607460034,6,0.25149661206499574,262.5688441549898,0.3209773936170215,4000
elite,assassin,Assassin,7,0.9275,3.792722371967655,3.8875,3.208127585746697,7,0.2780595222207394,309.1536100360336,0.3441687500000025,4000
elite,assassin,Assassin,8,0.9595,3.6133402813965607,3.6785,3.540460803596516,8,0.291373981455465,379.24978926664795,0.4204953703703713,4000
elite,assassin,Assassin,9,0.9565,3.6027182435964455,3.6705,3.7624356170182742,9,0.30233542651520495,423.91385027869893,0.4195837053571401,4000
elite,assassin,Assassin,10,0.988,3.3714574898785425,3.39625,4.246234198773749,10,0.32722731057452126,528.9265006434032,0.5031437500000023,4000
elite,assassin,Assassin,11,0.9855,3.330542871638762,3.35875,4.585165887671443,11,0.34219600030648994,598.7939621484944,0.5067187500000015,4000
elite,assassin,Assassin,12,0.9935,3.1056869652742827,3.12025,5.30533157808129,12,0.38020404805002467,730.5857330919862,0.5793541666666683,4000
elite,assassin,Assassin,13,0.9975,2.8027568922305766,2.809,6.594513031550068,13,0.4457247370827618,926.5343392775492,0.6347418478260836,4000
elite,assassin,Assassin,14,0.9995,2.6975987993997,2.69875,7.362291169451074,14,0.4666348448687351,1063.6210978520287,0.6613437499999967,4000
elite,assassin,Assassin,15,0.99875,2.6748435544430538,2.67825,7.695392901798596,15,0.46378763104741755,1167.5883427911897,0.6653749999999966,4000
elite,assassin,Assassin,16,0.9995,2.711855927963982,2.713,7.84375,16,0.44918313069908816,1262.3841185410333,0.674194620253153,4000
elite,assassin,Assassin,17,0.99875,2.7456821026282854,2.7495,7.989245300663986,17,0.43738894603946504,1352.5779481904049,0.6712075617283969,4000
elite,assassin,Assassin,18,0.99875,2.7869837296620776,2.7905,8.195774517944459,18,0.43149737060614446,1422.6354829781344,0.6733602941176492,4000
elite,assassin,Assassin,19,0.9995,2.821910955477739,2.82325,8.215125284738042,19,0.4147608200455581,1499.6004555808656,0.6698366477272709,4000
elite,assassin,Assassin,20,0.99975,2.7966991747936985,2.7975,8.393167128347184,20,0.4183748845798707,1623.424838411819,0.6827829670329713,4000
elite,mage,Mage,1,0.02125,5.588235294117647,4.65025,1.0,1,0.0,45.148456137959236,0.0021379310344827587,4000
elite,mage,Mage,2,0.3125,4.2872,4.47725,1.6234110169491525,2,0.0,95.44630561440678,0.04070703125,4000
elite,mage,Mage,3,0.47375,4.118205804749341,4.3285,2.0909331044046753,3,0.0,130.38169451231593,0.08135892857142861,4000
elite,mage,Mage,4,0.73825,3.9014561462919066,4.07225,2.5337093563370936,4,0.34412740544127407,180.90039814200398,0.1695526315789473,4000
elite,mage,Mage,5,0.79225,3.8422215209845376,4.01325,2.899339162939724,5,0.32167412055270006,219.77050931179494,0.20613109756097447,4000
elite,mage,Mage,6,0.82875,3.7514328808446455,3.89975,3.2407130221798885,6,0.319499251598857,265.3637909919717,0.23716619318181922,4000
elite,mage,Mage,7,0.90775,3.6645552189479482,3.7845,3.605592195658148,7,0.3325776312173674,317.97320692497937,0.31772135416666625,4000
elite,mage,Mage,8,0.942,3.410828025477707,3.49725,4.250980392156863,8,0.38275989641139474,401.27118017018125,0.38567000000000207,4000
elite,mage,Mage,9,0.9745,3.2029245767060033,3.24575,5.0030163518018735,9,0.43229083981584376,496.70606445467536,0.46920138888889146,4000
elite,mage,Mage,10,0.98525,3.0243592996701345,3.05275,5.803152925307705,10,0.479345810150059,596.7561119541392,0.5107366071428642,4000
elite,mage,Mage,11,0.99425,2.7384963540357052,2.7515,6.91251871257485,11,0.5293787425149701,768.9400261976048,0.5873302083333326,4000
elite,mage,Mage,12,0.99725,2.661569315617949,2.66725,7.193900202683139,12,0.5179036772512305,890.8316764791043,0.6073214285714229,4000
elite,mage,Mage,13,0.9955,2.7014063284781518,2.71225,7.361573373676248,13,0.4920574886535552,960.9971633888049,0.5991605769230849,4000
elite,mage,Mage,14,0.997,2.7116349047141424,2.71975,7.540338598316467,14,0.47328099877045304,1048.813960087014,0.614596920289856,4000
elite,mage,Mage,15,0.99675,2.7037873087534487,2.712,7.868331118283653,15,0.4689576609075375,1146.2324852857414,0.6208307291666761,4000
elite,mage,Mage,16,0.99725,2.728252694911005,2.73525,7.901892477167875,16,0.4480745692495999,1244.4866773373506,0.6299483333333316,4000
elite,mage,Mage,17,0.99525,2.7724189902034664,2.785,7.986564121571535,17,0.4351371386212009,1326.0394736842106,0.6265200320512797,4000
elite,mage,Mage,18,0.9965,2.813095835423984,2.823,8.073206308688121,18,0.42319263378612454,1401.6443613820768,0.6267037037037037,4000
elite,mage,Mage,19,0.997,2.8014042126379137,2.80925,8.295538009548292,19,0.4205839147998531,1513.610998898274,0.6343452380952341,4000
elite,mage,Mage,20,0.9975,2.82531328320802,2.83225,8.27191787044608,20,0.41373671300081766,1611.1953302443899,0.6505525568181832,4000
elite,priest,Priest,1,0.0,,5.1465,1.0,1,0.0,31.836307729410347,0.0,4000
elite,priest,Priest,2,0.068,5.5661764705882355,5.39925,1.7018173659412161,2,0.0,74.2941440430783,0.008150000000000001,4000
elite,priest,Priest,3,0.1675,5.049253731343284,5.28475,2.282203055414623,3,0.0,97.4692485483962,0.024915605095541426,4000
elite,priest,Priest,4,0.571,4.53984238178634,4.9055,2.8288947694386577,4,0.46191092843871406,137.24193457575586,0.13017603550295856,4000
elite,priest,Priest,5,0.71975,4.208405696422369,4.52775,3.3807907586042636,5,0.45528164820769323,179.19477194236038,0.21306456043956015,4000
elite,priest,Priest,6,0.848,3.9722877358490565,4.18425,4.137101850686139,6,0.510386503839859,230.08328087624324,0.29912690355329846,4000
elite,priest,Priest,7,0.946,3.708509513742072,3.7975,5.025754281054635,7,0.5782141886382169,297.95182114705085,0.40087023809524175,4000
elite,priest,Priest,8,0.983,3.4160732451678535,3.45025,5.8461424552050945,8,0.6143936028431808,385.9637198282245,0.4948418141592863,4000
elite,priest,Priest,9,0.97675,3.51548502687484,3.56,6.225462662922157,9,0.5770144739684597,417.82624036869015,0.47934768907562775,4000
elite,priest,Priest,10,0.97675,3.4937292039928334,3.54025,6.554724923791552,10,0.5487008274060096,474.4760487734069,0.48773699999999903,4000
elite,priest,Priest,11,0.98225,3.4960549758208197,3.5355,6.934433379370502,11,0.5331104165152286,524.7985752707713,0.5046416349809936,4000
elite,priest,Priest,12,0.9875,3.4858227848101264,3.51525,7.199854121079504,12,0.5091174325309993,588.5552151714078,0.533651433691755,4000
elite,priest,Priest,13,0.983,3.5811291963377414,3.621,7.400099509560025,13,0.4878811571540266,625.7841353330016,0.5293954081632694,4000
elite,priest,Priest,14,0.97875,3.661558109833972,3.71075,7.563546661107637,14,0.47446320617052323,667.6777152386909,0.5108851791530942,4000
elite,priest,Priest,15,0.983,3.6848931841302135,3.7285,7.795801394931289,15,0.4620537255714384,725.9587045093571,0.5328746130030929,4000
elite,priest,Priest,16,0.98225,3.719521506744719,3.76275,7.894261678407769,16,0.4477805895629574,788.0307776485877,0.5218836858006021,4000
elite,priest,Priest,17,0.98125,3.7597452229299364,3.80875,8.091217132014096,17,0.4314854974247764,848.5514367037138,0.5286599423631109,4000
elite,priest,Priest,18,0.9735,3.8217770929635337,3.8915,8.125916055962692,18,0.43584277148567624,896.9398401065956,0.5201104166666641,4000
elite,priest,Priest,19,0.98275,3.9012973798015773,3.94625,8.308743705447649,19,0.42247073441893923,951.759793342489,0.5227026666666681,4000
elite,priest,Priest,20,0.97875,3.8842911877394637,3.93775,8.371541242195201,20,0.4122905027932961,1034.9166611896155,0.5314188144329902,4000
